Date,Open,High,Low,Close,Volume
03-02-2020,33.75,34.529999,33.709999,34.389999,14939600
04-02-2020,35.099998,39.25,34.330002,37.41,46298200
05-02-2020,36.860001,37.450001,36.610001,37.130001,25896300
06-02-2020,37.73,39.040001,37.529999,38,24981600
07-02-2020,35.830002,36.869999,35.799999,36.200001,18990500
10-02-2020,36.18,36.23,35.490002,36.02,11638100
11-02-2020,36.200001,36.669998,36.060001,36.439999,9380300
12-02-2020,36.639999,37.5,36.610001,37.150002,11499100
13-02-2020,37.049999,37.27,36.700001,37.189999,7317900
14-02-2020,37.57,38.23,37.310001,38.139999,10998300
18-02-2020,38.279999,38.630001,37.759998,37.869999,15223600
19-02-2020,38.029999,38.049999,37.52,37.529999,7598300
20-02-2020,37.34,37.869999,37.220001,37.689999,8940300
21-02-2020,37.34,38.939999,37.150002,38.200001,14695200
24-02-2020,37.630001,37.869999,36.970001,37.259998,18961600
25-02-2020,37.310001,37.630001,36.389999,36.459999,15856200
26-02-2020,36.810001,37.18,36.419998,36.689999,11917800
27-02-2020,36.150002,36.450001,35.009998,35.040001,16142600
28-02-2020,34.09,34.77,33.709999,34.639999,16824600
02-03-2020,34.619999,35.970001,34.279999,35.959999,13131000
03-03-2020,35.73,37.419998,35.66,36.720001,18838700
04-03-2020,37.32,38.540001,37.139999,38.490002,13445400
05-03-2020,37.48,38.220001,37.07,37.220001,11816600
06-03-2020,35.709999,36.790001,35.59,36.389999,12849800
09-03-2020,34.02,36.130001,33.639999,35.52,15594000
10-03-2020,36.490002,36.610001,35,36.040001,15419000
11-03-2020,35.150002,35.740002,34.360001,34.830002,13056300
12-03-2020,32.740002,35.040001,32.509998,33.029999,17224800
13-03-2020,34.549999,34.810001,32.990002,33.990002,20972000
16-03-2020,30.879999,33.349998,30.58,32.240002,17099700
17-03-2020,32.759998,33.939999,32.32,33.279999,14020000
18-03-2020,31.620001,32.849998,30.200001,31.299999,20304800
19-03-2020,31.469999,31.49,29.450001,29.6,19461400
20-03-2020,29.5,30.200001,27.209999,27.58,24947000
23-03-2020,27.25,27.639999,26.02,26.34,18502800
24-03-2020,27.370001,27.879999,26.24,27.67,24055000
25-03-2020,27.66,29.48,27.120001,28.370001,18485800
26-03-2020,28.48,30.27,28.48,30.16,14333700
27-03-2020,29.530001,30.870001,29.379999,30.18,14183000
30-03-2020,30.620001,31.540001,30.02,31.190001,14952000
31-03-2020,31.030001,31.18,29.940001,30.059999,15868300
01-04-2020,29.34,29.75,28.48,28.780001,14341500
02-04-2020,28.32,29.41,28.299999,29.190001,12007100
03-04-2020,29.15,29.67,28.799999,29.41,10869100
06-04-2020,30.67,31.32,30.280001,31.18,14731900
07-04-2020,32.080002,32.220001,31.559999,31.620001,10602500
08-04-2020,31.85,33.080002,31.799999,33.009998,12044500
09-04-2020,33.400002,34.099998,33.369999,33.830002,13558300
13-04-2020,34.290001,35.080002,33.959999,34.759998,13792100
14-04-2020,35.450001,35.98,35.27,35.740002,14582700
15-04-2020,35.310001,36.41,35.080002,36.189999,10651500
16-04-2020,36.529999,37.369999,36.290001,37.220001,11205800
17-04-2020,37.450001,37.639999,36.990002,37.459999,15513600
20-04-2020,37.470001,38.32,37.279999,37.639999,12664000
21-04-2020,37.509998,38.23,37.310001,37.610001,12259600
22-04-2020,38.150002,38.48,37.919998,38.25,9823600
23-04-2020,38.459999,38.84,37.66,37.91,15275800
24-04-2020,38.849998,39.529999,38.27,39.349998,16894800
27-04-2020,40.040001,40.360001,39.560001,39.630001,11090200
28-04-2020,39.59,39.900002,38.91,39.080002,16170400
29-04-2020,39.450001,39.75,38.84,39.029999,17989600
30-04-2020,37.630001,39.959999,37.549999,39.830002,18279500
01-05-2020,38.779999,39.470001,38.34,39.25,13894700
04-05-2020,39.279999,39.869999,39.060001,39.830002,10219900
05-05-2020,39.919998,40.759998,39.77,40.32,12414200
06-05-2020,40.639999,41.09,40.189999,40.950001,11026000
07-05-2020,41.27,41.610001,41.060001,41.369999,12588900
08-05-2020,41.700001,42.439999,41.700001,42.150002,8946000
11-05-2020,41.880001,42.43,41.599998,42.130001,13731700
12-05-2020,42.240002,42.860001,41.779999,42,9548400
13-05-2020,41.779999,42.380001,41.049999,41.580002,11041700
14-05-2020,41.310001,42.09,40.810001,42.040001,11165100
15-05-2020,41.459999,42.470001,41.380001,42.110001,13183200
18-05-2020,42.599998,42.900002,42.330002,42.5,8880900
19-05-2020,42.459999,43.18,42.389999,42.400002,13600300
20-05-2020,43,43.34,42.439999,42.709999,9282500
21-05-2020,42.75,42.93,42.240002,42.470001,8281700
22-05-2020,42.25,43.5,42.209999,43.450001,9879700
26-05-2020,43.990002,44.279999,43.310001,43.360001,9548900
27-05-2020,43.299999,44.18,42.860001,44.150002,8706500
28-05-2020,44.139999,44.98,44.009998,44.23,12476300
29-05-2020,44.299999,45.650002,43.880001,45.540001,18741500
01-06-2020,45.400002,45.970001,45.009998,45.200001,8931500
02-06-2020,45.240002,46.23,45.139999,45.98,9959000
03-06-2020,46.349998,46.720001,46.080002,46.450001,7599200
04-06-2020,51.34,51.880001,48.799999,49.360001,32274600
05-06-2020,49.240002,49.700001,48.240002,48.82,16332600
08-06-2020,48.299999,49.049999,47.84,48.720001,12182400
09-06-2020,48.869999,50,48.57,49.75,9699800
10-06-2020,50.25,50.34,49.07,49.25,10545900
11-06-2020,49.43,49.82,47.689999,47.939999,10563900
12-06-2020,48.389999,48.830002,46.849998,47.66,10056500
15-06-2020,46.939999,48.119999,46.639999,47.889999,12464800
16-06-2020,48.490002,48.73,47.540001,48.119999,9642900
17-06-2020,48.259998,49.099998,48.209999,48.43,9692100
18-06-2020,48.549999,49.09,48.18,48.439999,11344000
19-06-2020,48.73,48.950001,47.419998,48.290001,36555400
22-06-2020,48.34,49.32,48.009998,49.16,9223500
23-06-2020,49.59,50.32,49.099998,49.799999,12289300
24-06-2020,49.799999,50.450001,48.650002,48.77,13009000
25-06-2020,48.720001,49.540001,48.41,49.400002,10268700
26-06-2020,50.889999,51.279999,50.080002,50.889999,17762400
29-06-2020,51.07,51.34,50.119999,51.310001,8933900
30-06-2020,51.419998,52.75,51.32,52.450001,10559900
01-07-2020,52.709999,53.43,51.32,52.959999,12879800
02-07-2020,53.59,54.880001,53.549999,54.360001,8468400
06-07-2020,55.490002,56.970001,54.939999,56.169998,9889300
07-07-2020,55.950001,57.549999,55.93,57,10641800
08-07-2020,57.349998,58.459999,57.16,58.27,11127200
09-07-2020,58.73,60.529999,58.52,59.220001,15414600
10-07-2020,59.349998,59.889999,58.119999,59.27,11750700
13-07-2020,60.290001,61.060001,57.889999,58.299999,13128100
14-07-2020,57.75,59.290001,57.279999,59.080002,10054000
15-07-2020,58.82,59.130001,57.240002,58.389999,10724800
16-07-2020,57.900002,58.919998,57.900002,58.650002,7231200
17-07-2020,58.93,59.110001,57.779999,58.130001,6629600
20-07-2020,58.709999,58.799999,57.77,58.470001,6417100
21-07-2020,59.080002,59.549999,55.689999,56.59,18072000
22-07-2020,56.669998,57.43,56.130001,56.34,9139800
23-07-2020,56.439999,56.82,54.860001,55.150002,9819200
24-07-2020,55.02,55.360001,54.040001,55.119999,6509600
27-07-2020,55.73,57.380001,55.529999,57.23,7820700
28-07-2020,57.110001,57.34,56.110001,56.349998,11066800
29-07-2020,55.189999,56.040001,53.66,54.529999,14250500
30-07-2020,54,54.939999,53.73,54.720001,8018300
31-07-2020,55.060001,55.830002,54.330002,55.279999,8945500
03-08-2020,55.689999,56.82,55.57,56.57,8830300
04-08-2020,56.27,56.779999,55.779999,56.330002,6120700
05-08-2020,56.470001,56.93,55.98,56.66,6973500
06-08-2020,55.990002,56.529999,54.84,55.080002,8657100
07-08-2020,55.34,55.919998,54.779999,55.209999,6369300
10-08-2020,55.220001,55.290001,54.02,54.369999,6268400
11-08-2020,54.209999,55.639999,53.700001,54.290001,9325500
12-08-2020,54.400002,56.200001,54.389999,55.490002,6976200
13-08-2020,55.599998,57.060001,55.599998,56.279999,8205900
14-08-2020,56.529999,57.599998,55.869999,56.290001,6253200
17-08-2020,56.689999,57.57,56.299999,57.349998,5689900
18-08-2020,57.57,57.880001,56.939999,57.029999,4807100
19-08-2020,57.150002,58.380001,57.029999,57.709999,7208600
20-08-2020,57.599998,58.060001,57.16,57.66,6458400
21-08-2020,57.860001,59.060001,57.509998,58.209999,6784200
24-08-2020,58.459999,58.959999,58.060001,58.779999,6053100
25-08-2020,58.509998,58.889999,58.02,58.049999,4983200
26-08-2020,57.959999,58.66,57.380001,58.580002,6498800
27-08-2020,58.919998,58.919998,56.200001,56.310001,8112900
28-08-2020,56.259998,56.259998,54.049999,54.27,12445500
31-08-2020,54,54.91,53.57,54.779999,13417200
01-09-2020,54.950001,55.23,53.369999,53.650002,10121800
02-09-2020,53.889999,55.23,53.509998,55.09,10896300
03-09-2020,54.639999,55.419998,52.59,53.16,10157700
04-09-2020,52.82,53.330002,50.950001,52.540001,9971400
08-09-2020,51.169998,52.66,50.970001,51.529999,12745100
09-09-2020,52.029999,53.709999,51.709999,53.439999,8912100
10-09-2020,53.720001,54.599998,52.029999,52.32,7080700
11-09-2020,52.330002,53.080002,52.099998,52.77,7224600
14-09-2020,53.290001,53.580002,52.209999,52.299999,7417400
15-09-2020,52.68,52.990002,51.639999,51.779999,7750000
16-09-2020,51.779999,52.25,50.290001,50.419998,9394000
17-09-2020,49.360001,49.439999,47.439999,48.639999,15676200
18-09-2020,49,49.240002,48.080002,48.610001,10017200
21-09-2020,47.93,50.240002,47.73,50.139999,9097400
22-09-2020,50.639999,51.040001,49.830002,50.919998,6906300
23-09-2020,51.150002,51.459999,50.419998,50.68,6502600
24-09-2020,50.220001,52.169998,50.040001,51.779999,8182500
25-09-2020,51.970001,52.73,51.18,52.48,6852600
28-09-2020,53.200001,54.360001,53.099998,54.040001,6507200
29-09-2020,53.950001,54.299999,52.59,52.650002,7029100
30-09-2020,52.98,53.619999,51.509998,52.099998,9083900
01-10-2020,52.369999,52.860001,52,52.380001,6659600
02-10-2020,51.610001,52.43,51.189999,51.68,5456700
05-10-2020,51.939999,52.110001,51.150002,51.77,4954700
06-10-2020,51.91,51.91,49.490002,49.66,8824800
07-10-2020,50.549999,51.110001,49.98,50.939999,6016400
08-10-2020,51.299999,52.18,50.98,52.080002,6746800
09-10-2020,52.43,55.860001,52.32,55.450001,12658300
12-10-2020,56.200001,56.200001,54.529999,55.380001,8092000
13-10-2020,55.549999,57.82,55.400002,57.59,7445700
14-10-2020,57.790001,58.34,56.43,56.459999,7513800
15-10-2020,55.790001,56.110001,54.860001,55.400002,6275700
16-10-2020,55.330002,56.439999,55.189999,55.830002,6165600
19-10-2020,56.43,56.900002,53.919998,54.32,6721200
20-10-2020,54.419998,55.130001,54.029999,54.200001,6407500
21-10-2020,54.290001,54.48,52.630001,52.82,6557400
22-10-2020,52.59,52.720001,51.57,52.290001,5164000
23-10-2020,52.470001,53.950001,52.470001,53.790001,5734700
26-10-2020,53.490002,53.950001,52.279999,53.34,6597300
27-10-2020,53.389999,53.84,53,53.549999,4613000
28-10-2020,52.869999,54.099998,52.380001,53.25,9717200
29-10-2020,49.299999,50.799999,48.029999,49.279999,22526800
30-10-2020,48.77,49.139999,46.990002,47.630001,12565300
02-11-2020,48.189999,49.34,47.209999,47.869999,10765800
03-11-2020,48,49.380001,47.610001,48.919998,8909500
04-11-2020,49.470001,49.639999,47.560001,47.82,16562100
05-11-2020,48.709999,49.950001,48.470001,49.41,10325200
06-11-2020,49.700001,51.169998,49.049999,50.689999,10244300
09-11-2020,48,49.25,46.849998,48.32,19388000
10-11-2020,47.549999,47.639999,45.360001,46.540001,15521800
11-11-2020,47.169998,48.099998,46.810001,47.709999,13142300
12-11-2020,48.130001,48.169998,46.400002,46.59,10266100
13-11-2020,46.900002,48.720001,46.720001,48.669998,12082200
16-11-2020,48.450001,49.169998,48.009998,48.549999,14933300
17-11-2020,48.369999,48.900002,47.959999,48.330002,9892600
18-11-2020,48.07,49.459999,48.07,48.529999,12734100
19-11-2020,48.650002,50.049999,48.560001,49.779999,12012200
20-11-2020,49.799999,49.880001,48.959999,48.990002,10521400
23-11-2020,49.18,50.34,49.099998,49.900002,9416200
24-11-2020,49.919998,51.290001,49.830002,50.529999,7221600
25-11-2020,50.75,51.029999,50.049999,50.450001,4438900
27-11-2020,50.939999,51.93,50.900002,51.34,3604000
30-11-2020,51.029999,51.23,49.360001,50.43,10743200
01-12-2020,50.5,51.459999,50.18,50.52,7160300
02-12-2020,50.52,51.540001,50.360001,51.349998,9281900
03-12-2020,51.25,51.299999,50.110001,50.290001,5354200
04-12-2020,50.029999,51.189999,49.639999,50.970001,4791000
07-12-2020,50.91,51.009998,49.91,50.029999,5132200
08-12-2020,49.91,50.23,49.279999,49.889999,7091500
09-12-2020,49.959999,50.18,49.220001,49.5,6794500
10-12-2020,49.400002,49.84,48.93,49.599998,4344000
11-12-2020,49.439999,49.610001,48.669998,49.130001,4549500
14-12-2020,49.23,50.5,49.23,49.57,9127400
15-12-2020,49.959999,52.099998,49.689999,52.080002,7776100
16-12-2020,52.16,54.889999,52.16,53.650002,12846700
17-12-2020,53.630001,53.959999,52.439999,53.049999,6195700
18-12-2020,53.099998,53.259998,52.400002,53.060001,10943100
21-12-2020,52.619999,52.68,51.169998,51.57,6082300
22-12-2020,51.709999,52.02,51.080002,51.619999,6215900
23-12-2020,52,52,51.130001,51.130001,4739400
24-12-2020,51.23,51.240002,49.939999,50.119999,2718500
28-12-2020,50.5,50.549999,49.93,50.240002,6187400
29-12-2020,50.650002,51.110001,50.299999,50.860001,4796700
30-12-2020,51.02,51.509998,50.470001,50.549999,8618900
31-12-2020,50.610001,50.810001,50,50.25,3597200
04-01-2021,50.48,51.900002,50.450001,51.5,7843500
05-01-2021,51.349998,52.279999,51.060001,52.029999,10002400
06-01-2021,51.5,54.290001,51.400002,53.220001,9911400
07-01-2021,53.419998,54.23,53.009998,53.060001,7348800
08-01-2021,53.369999,54.549999,53.23,54.48,6298300
11-01-2021,54.18,54.41,53.470001,53.93,6956100
12-01-2021,53.98,56.709999,53.880001,56.040001,11825900
13-01-2021,55.779999,56.369999,55.360001,55.709999,8185100
14-01-2021,55.830002,55.830002,54.98,55.27,6937900
15-01-2021,55.290001,55.709999,54.310001,55.419998,9710600
19-01-2021,55.549999,57.200001,55.439999,56.98,8942400
20-01-2021,57.299999,57.540001,56.119999,56.169998,4798200
21-01-2021,56.299999,56.470001,55.32,56.400002,5265800
22-01-2021,56.200001,56.57,55.639999,56.459999,3317000
25-01-2021,57,58.380001,56.82,57.25,9818900
26-01-2021,57.09,59.310001,56.970001,59.169998,8394700
27-01-2021,58.639999,60.549999,58.049999,58.349998,10645100
28-01-2021,58,58.860001,55.939999,56.439999,11679600
29-01-2021,56.220001,57.580002,55.310001,56.509998,10923300
01-02-2021,56.830002,58.700001,56.650002,58.470001,7476200
02-02-2021,58.509998,58.779999,57.099998,57.330002,8580900
03-02-2021,58.099998,58.799999,57.669998,58.040001,10673300
04-02-2021,63.959999,64.849998,60.669998,61.119999,29410700
05-02-2021,61.16,62.82,60.240002,62.23,12711700
08-02-2021,62.599998,64.059998,62.560001,63.84,9787900
09-02-2021,63.869999,63.91,62.119999,62.23,5036400
10-02-2021,62.549999,63.220001,61.759998,62.32,4470900
11-02-2021,62.599998,62.98,61.669998,62.310001,3660100
12-02-2021,62.049999,63.189999,61.939999,63.009998,5621800
16-02-2021,63.98,64,62.82,62.869999,5559800
17-02-2021,62.580002,63.240002,62.049999,63.049999,4178700
18-02-2021,62.700001,63.349998,62.220001,62.799999,5962500
19-02-2021,63.189999,63.360001,61.869999,61.98,5462500
22-02-2021,62.099998,62.290001,60.959999,61.560001,5252900
23-02-2021,60.68,61.73,59.82,61.369999,5826500
24-02-2021,60.990002,61.049999,58.830002,59.380001,8050000
25-02-2021,59.400002,59.970001,56.849998,56.98,7868300
26-02-2021,57.34,57.66,56.25,56.419998,9014000
01-03-2021,57.099998,58.700001,56.529999,58.48,6153700
02-03-2021,58.639999,58.66,56.889999,56.990002,7646700
03-03-2021,56.73,56.950001,54.48,54.599998,11055500
04-03-2021,54.470001,54.889999,52.459999,53.34,9940400
05-03-2021,53.880001,54.119999,51.509998,53.759998,8395000
08-03-2021,53.869999,55.189999,53.450001,53.490002,7622100
09-03-2021,54.599998,56.970001,54.32,56.169998,8407000
10-03-2021,56.779999,56.779999,54.529999,55.34,7202600
11-03-2021,55.950001,56.580002,55.459999,56.240002,5888000
12-03-2021,55.68,56.099998,55.040001,55.799999,5025800
15-03-2021,55.849998,57.709999,55.610001,57.669998,5860100
16-03-2021,57.299999,58.189999,57.060001,57.419998,5873600
17-03-2021,56.73,59.73,56.720001,59,6788400
18-03-2021,58.32,60.119999,58,58.900002,6547300
19-03-2021,59.16,60.029999,58.509998,59.73,10317900
22-03-2021,59.919998,60.849998,59.560001,60.290001,6583900
23-03-2021,60.400002,61.029999,60.009998,60.310001,5959400
24-03-2021,60.610001,60.900002,57.580002,57.639999,7141900
25-03-2021,57.73,58.43,56.98,58.09,5705500
26-03-2021,58.150002,60.93,58.040001,60.830002,7409300
29-03-2021,60.880001,61.18,59.279999,59.849998,7090300
30-03-2021,59.529999,60.630001,59.049999,60.32,5400600
31-03-2021,60.84,62.669998,60.75,61.240002,8516800
01-04-2021,61.400002,63.240002,61.389999,63.110001,5210000
05-04-2021,63.349998,63.98,62.549999,63.689999,6672800
06-04-2021,63.630001,63.720001,62.240002,62.52,6396900
07-04-2021,62.689999,62.689999,61.43,61.759998,5848100
08-04-2021,62.299999,62.650002,61.759998,62.189999,3948400
09-04-2021,62.080002,62.599998,61.849998,62.470001,3801000
12-04-2021,62.470001,62.880001,62.130001,62.639999,5003600
13-04-2021,63.02,64.080002,62.919998,63.82,5264900
14-04-2021,63.939999,64.389999,62.349998,62.790001,9522800
15-04-2021,63.330002,64.540001,63.029999,64.360001,4677400
16-04-2021,64.519997,64.989998,64.290001,64.93,4650500
19-04-2021,64.629997,65.110001,63.599998,63.790001,5285500
20-04-2021,63.630001,63.799999,61.209999,61.790001,5506000
21-04-2021,61.439999,61.869999,60.880001,61.779999,5091900
22-04-2021,61.849998,61.900002,60.529999,60.740002,6849100
23-04-2021,60.880001,61.169998,60.439999,60.91,5072900
26-04-2021,61,61.610001,60.77,61.580002,4539300
27-04-2021,61.720001,62.310001,61.380001,61.700001,5577600
28-04-2021,62.080002,62.869999,61.82,62.32,7814100
29-04-2021,57.290001,57.34,54.950001,56.07,31082000
30-04-2021,55.73,56.889999,55.66,55.790001,10069300
03-05-2021,56.169998,58.849998,56.119999,58.150002,12472600
04-05-2021,57.509998,58.34,56.82,57.689999,9736900
05-05-2021,57.400002,58.880001,57.389999,58.240002,7002800
06-05-2021,58.150002,58.889999,57.759998,58.82,7583000
07-05-2021,59.099998,60.009998,58.400002,59.779999,10347500
10-05-2021,59.560001,62.299999,59.259998,61.439999,11628700
11-05-2021,60.040001,60.990002,59.139999,60.43,11344500
12-05-2021,59.689999,60.43,58.240002,58.279999,8763100
13-05-2021,58.59,59.369999,58.060001,58.740002,6389300
14-05-2021,59.439999,61.049999,59.299999,60.860001,6565200
17-05-2021,60.810001,61.799999,60.540001,61.689999,6892500
18-05-2021,61.700001,62.689999,60.689999,61.290001,6110600
19-05-2021,60.400002,60.400002,59.07,59.790001,8050200
20-05-2021,60.110001,60.27,59.349998,59.470001,8104600
21-05-2021,59.810001,61.380001,59.720001,61.02,11192200
24-05-2021,61.240002,61.950001,60.93,60.970001,5735100
25-05-2021,61.240002,61.84,60.860001,61.299999,6069900
26-05-2021,61.189999,62.139999,61.189999,61.439999,6710700
27-05-2021,61.200001,62.119999,59.32,59.509998,19669700
28-05-2021,59.959999,61.419998,59.66,60.880001,10887300
01-06-2021,61.52,62.09,60.73,61.369999,5640600
02-06-2021,61.389999,63.57,61.02,63.41,10598300
03-06-2021,62.98,64.269997,62.59,64.07,7219200
04-06-2021,64.379997,65.889999,64.139999,65.230003,8978000
07-06-2021,65.309998,65.720001,64.790001,65.449997,6123400
08-06-2021,65.519997,65.940002,65.260002,65.800003,5712300
09-06-2021,66.220001,66.349998,65.400002,65.959999,6124100
10-06-2021,66.32,66.980003,65.769997,66.75,5789000
11-06-2021,66.900002,67.419998,66.830002,67.129997,5849500
14-06-2021,67.25,67.260002,65.169998,65.889999,6944300
15-06-2021,66,66.349998,65.470001,65.959999,5011400
16-06-2021,65.440002,66.349998,65.300003,66.089996,5626000
17-06-2021,65.669998,66.300003,65.25,65.330002,6398300
18-06-2021,64.839996,64.93,63.139999,63.259998,11438700
21-06-2021,63.380001,64.970001,63.360001,64.400002,6483600
22-06-2021,64.279999,65.129997,63.41,64.889999,5311100
23-06-2021,65.019997,65.93,64.889999,65.300003,4462000
24-06-2021,65.410004,66.75,65.139999,66.57,5522300
25-06-2021,66.75,68.190002,66.75,67.900002,8999200
28-06-2021,68.260002,68.970001,67.57,68.82,5413400
29-06-2021,69,70.639999,68.849998,70.489998,6513000
30-06-2021,70.230003,70.660004,69.690002,70.209999,7299800
01-07-2021,70.209999,70.769997,69.029999,69.800003,8519800
02-07-2021,69.989998,70.309998,69.360001,70.080002,4908800
06-07-2021,70.150002,70.150002,68.889999,69.019997,6112100
07-07-2021,69.160004,70.519997,68.989998,70.07,6019500
08-07-2021,68.660004,69.290001,68.379997,68.650002,5581800
09-07-2021,68.830002,69.949997,68.580002,69.459999,5263600
12-07-2021,69.82,70.25,68.849998,68.970001,5628800
13-07-2021,68.82,69.470001,68.5,68.739998,4491800
14-07-2021,69.669998,70.309998,67.959999,68.029999,6484100
15-07-2021,68.059998,68.629997,67.639999,68.139999,4578000
16-07-2021,68.410004,68.800003,68.139999,68.18,4278900
19-07-2021,67.610001,68.879997,67.279999,68.529999,6464400
20-07-2021,68.699997,69.610001,68.580002,69.57,6223900
21-07-2021,69.410004,70.07,69.230003,69.860001,6082500
22-07-2021,69.849998,72.099998,69.610001,72.059998,8802200
23-07-2021,72.120003,73.769997,71.660004,73.540001,6700500
26-07-2021,72.889999,73.970001,72.889999,73.260002,7653700
27-07-2021,73.089996,73.239998,71.07,72.290001,8159400
28-07-2021,72.580002,73.57,72.220001,72.889999,5141000
29-07-2021,73.139999,74.129997,73.050003,73.410004,4963100
30-07-2021,72.059998,72.07,68.080002,68.209999,11995300
02-08-2021,68.809998,69.360001,67.580002,68.629997,6785100
03-08-2021,68.75,68.779999,67.639999,68.010002,5997800
04-08-2021,67.919998,68.699997,67.720001,68,6715600
05-08-2021,67.699997,67.879997,65.580002,67.279999,9926200
06-08-2021,67.260002,67.279999,65.269997,65.489998,8888300
09-08-2021,65.739998,66.32,65.07,65.349998,7186400
10-08-2021,65.360001,67.580002,65.349998,67.309998,7358900
11-08-2021,67.220001,68.220001,66.949997,68.019997,10104400
12-08-2021,67.169998,69.040001,66.360001,68.889999,10677700
13-08-2021,68.639999,74.150002,68.589996,74.019997,17907600
16-08-2021,73.720001,76.550003,73.510002,75.25,12691700
17-08-2021,74.040001,74.739998,72.660004,72.839996,9422600
18-08-2021,72.980003,74.139999,72.360001,72.830002,6536400
19-08-2021,72.360001,73.550003,72.059998,72.830002,5607100
20-08-2021,72.900002,73.839996,72.809998,73.360001,5398700
23-08-2021,73.410004,73.470001,71.779999,73.199997,5044700
24-08-2021,73.529999,74,72.620003,72.839996,6132300
25-08-2021,72.849998,74.489998,72.709999,74.160004,5052500
26-08-2021,74.339996,75.959999,73.760002,75.639999,5539700
27-08-2021,75.300003,76.580002,75.190002,76.410004,5093200
30-08-2021,76.43,77.830002,76.040001,77.550003,5541700
31-08-2021,77.489998,77.720001,76.57,76.739998,6806300
01-09-2021,77.059998,77.059998,75.900002,76.150002,5740200
02-09-2021,76.309998,77.220001,76.120003,76.489998,5031000
03-09-2021,76.309998,76.949997,75.980003,76.529999,4436500
07-09-2021,76.410004,76.459999,74.650002,74.709999,6041300
08-09-2021,74.82,74.989998,73.68,73.93,6351300
09-09-2021,73.830002,74.089996,72.940002,73,5164200
10-09-2021,73.980003,74.269997,72.480003,72.559998,5393000
13-09-2021,72.959999,73.129997,71.870003,72.669998,5768600
14-09-2021,72.75,73.019997,71.029999,71.389999,6576700
15-09-2021,71.959999,74.989998,71.860001,73.989998,10771100
16-09-2021,73.43,75.110001,73.309998,74.699997,6630300
17-09-2021,74.889999,75.099998,73.730003,74.110001,8874800
20-09-2021,72.68,73,70.75,72.870003,9841500
21-09-2021,73.410004,74.029999,72.07,72.120003,5375100
22-09-2021,72.589996,73.730003,72.379997,73.209999,4028400
23-09-2021,73.489998,74.410004,73.18,73.510002,4128800
24-09-2021,72.93,73.400002,72.720001,72.989998,3486600
27-09-2021,72.730003,73.809998,72.410004,73.669998,4268700
28-09-2021,72.830002,73.669998,70.730003,71.260002,5379600
29-09-2021,71.519997,71.830002,69.730003,69.970001,5621400
30-09-2021,70.269997,70.660004,69.620003,69.669998,3927200
01-10-2021,69.699997,70.360001,69.019997,69.910004,4069100
04-10-2021,69.43,69.580002,68.279999,68.470001,4648400
05-10-2021,68.879997,70.629997,68.669998,69.970001,3932500
06-10-2021,69.309998,71.599998,69.139999,71.540001,4867000
07-10-2021,72.970001,75.169998,72.849998,74.169998,7309200
08-10-2021,74.440002,75.949997,74.330002,75.050003,4672600
11-10-2021,74.690002,74.900002,74.199997,74.5,2817900
12-10-2021,75.209999,75.709999,74.510002,74.669998,3408300
13-10-2021,74.970001,75.330002,74.239998,74.900002,2929400
14-10-2021,75.550003,75.75,74.220001,74.68,4770000
15-10-2021,75.239998,75.419998,74.639999,74.900002,4358500
18-10-2021,74.669998,75.050003,73.889999,74.25,5730000
19-10-2021,74.410004,75.379997,74.379997,74.720001,3425800
20-10-2021,74.959999,76.949997,74.620003,75.970001,5201700
21-10-2021,75.580002,76.269997,75.059998,76.209999,3615500
22-10-2021,76.290001,81.190002,76.290001,80.589996,11047500
25-10-2021,80.589996,81.059998,79.900002,80.57,6299600
26-10-2021,80.970001,80.980003,78.400002,78.5,6145700
27-10-2021,78.25,78.5,77.290001,77.660004,7896500
28-10-2021,74.029999,74.480003,70.550003,72.410004,17831800
29-10-2021,72.07,76.980003,72.07,76.720001,16714300
01-11-2021,76.470001,77.610001,75.550003,76.300003,7915700
02-11-2021,75.629997,76.379997,74.470001,74.900002,7002300
03-11-2021,74.690002,76.129997,73.860001,75.449997,9462500
04-11-2021,75.660004,77,74.949997,76.279999,5958200
05-11-2021,76.650002,76.940002,75.529999,75.57,4692600
08-11-2021,75.790001,76.529999,73.5,73.760002,8320500
09-11-2021,74.099998,75.470001,73.779999,73.959999,8317700
10-11-2021,73.870003,74.720001,72.940002,73.230003,6126600
11-11-2021,74.029999,74.949997,73.290001,73.300003,4200800
12-11-2021,73.459999,74.129997,72.529999,73.910004,3793600
15-11-2021,74.470001,76.239998,74,74.209999,5079300
16-11-2021,74.300003,76.580002,74.190002,75.889999,6200400
17-11-2021,75.800003,75.919998,72.989998,73.379997,6393300
18-11-2021,73.5,75.050003,73.459999,74.720001,9833400
19-11-2021,74.900002,76.410004,74.470001,74.629997,5573800
22-11-2021,74.43,75.190002,73.540001,73.57,4576600
23-11-2021,73.209999,73.379997,71.040001,71.650002,10521500
24-11-2021,71.349998,72.879997,70.910004,72.660004,4675200
26-11-2021,72.970001,73.599998,72.099998,72.470001,4121900
29-11-2021,72.540001,72.660004,69.529999,70.550003,7789500
30-11-2021,70.330002,70.720001,66.889999,67.459999,21869100
01-12-2021,68.639999,68.650002,66.739998,66.809998,11859600
02-12-2021,67.169998,67.949997,66.279999,67.480003,8384900
03-12-2021,67.779999,68.540001,66.309998,67.050003,10336600
06-12-2021,67.129997,67.139999,65.540001,66.07,6413100
07-12-2021,66.720001,67.650002,66.529999,67.230003,6224500
08-12-2021,67.330002,67.709999,66.279999,67.160004,6751900
09-12-2021,66.989998,67.690002,66.550003,66.599998,4523800
10-12-2021,66.809998,67.150002,65.940002,66.889999,7593700
13-12-2021,66.470001,67.440002,66.220001,66.690002,6043700
14-12-2021,66.25,66.459999,65.269997,65.849998,9297700
15-12-2021,65.32,65.760002,64.25,65.610001,10196400
16-12-2021,65.779999,66.129997,63.950001,64.040001,8521400
17-12-2021,63.650002,65.150002,62.970001,64.029999,19368900
20-12-2021,62.91,65.160004,62.82,63.790001,8123700
21-12-2021,64.209999,64.550003,63.299999,63.709999,9835700
22-12-2021,63.75,64.650002,63.34,63.939999,5835900
23-12-2021,64,65.440002,63.669998,64.889999,6045400
27-12-2021,65.209999,65.849998,64.970001,65.660004,6050200
28-12-2021,65.82,66.720001,65.470001,66.080002,5534400
29-12-2021,65.93,66.75,65.599998,66.459999,3654500
30-12-2021,66.279999,67.650002,66.239998,66.779999,3673600
31-12-2021,66.739998,66.919998,65.730003,66.5,5935800
03-01-2022,66.449997,67.120003,65.660004,66.800003,6685500
04-01-2022,67.169998,67.419998,64.440002,65.139999,7527300
05-01-2022,64.870003,66.269997,64.459999,64.489998,7440700
06-01-2022,64.139999,67.489998,64.080002,66.809998,8218400
07-01-2022,66.730003,67.330002,66.279999,66.32,5000900
10-01-2022,65.720001,66.330002,63.720001,64.57,6684000
11-01-2022,64.580002,66.519997,64.07,66.43,3811100
12-01-2022,66.870003,66.989998,63.849998,64.32,5426000
13-01-2022,64.739998,65.239998,63.169998,63.279999,4416900
14-01-2022,63.169998,63.84,62.639999,63.450001,6253100
18-01-2022,62.799999,62.799999,61.529999,61.610001,7163600
19-01-2022,61.959999,62.84,61.919998,62.290001,6721800
20-01-2022,62.849998,63.68,60.669998,60.709999,5352500
21-01-2022,60.919998,61.34,59.369999,59.540001,7742200
24-01-2022,58.970001,59.720001,56.880001,59.66,9318900
25-01-2022,58.439999,58.57,56.919998,58.18,7635900
26-01-2022,58.57,59.490002,57.200001,57.709999,7599800
27-01-2022,58.040001,58.709999,56.400002,56.700001,4947100
28-01-2022,56.740002,57.599998,55.91,57.540001,5027100
31-01-2022,57.73,60.389999,57.66,60.07,9059300
01-02-2022,59.91,60.619999,59.57,60.48,4080600
02-02-2022,60.470001,60.59,57.419998,58.540001,8826200
03-02-2022,58,58.09,56.93,57.189999,6287200
04-02-2022,57.34,60.27,57.25,59.290001,10587000
07-02-2022,59.18,59.73,58.540001,58.700001,5718400
08-02-2022,58.439999,59.91,58.439999,59.73,3770700
09-02-2022,60.369999,60.66,59.700001,60.610001,3448800
10-02-2022,59.490002,60.029999,58.48,58.810001,3976200
11-02-2022,59.310001,59.939999,58.049999,58.380001,5897200
14-02-2022,58.529999,58.639999,57.68,58.18,5714500
15-02-2022,58.959999,59.990002,58.630001,59.93,3803800
16-02-2022,59.689999,59.75,57.259998,57.650002,5201800
17-02-2022,57.48,57.700001,55.529999,55.759998,5659300
18-02-2022,55.360001,55.889999,54.27,55.459999,7219600
22-02-2022,55.119999,56.75,54.889999,55.150002,6951000
23-02-2022,55.529999,55.889999,54.470001,54.59,11482500
24-02-2022,50.23,55.639999,49.529999,55.439999,24110800
25-02-2022,55.369999,55.57,53.380001,54.599998,8340200
28-02-2022,54.32,54.990002,53.41,54.59,9281300
01-03-2022,54.560001,55.049999,53.939999,54.349998,9298800
02-03-2022,54.349998,55.450001,53.68,55.09,8496700
03-03-2022,55.639999,55.639999,53.459999,54.419998,6139200
04-03-2022,54.290001,56.439999,54.09,55.66,8300800
07-03-2022,55.5,56.459999,54.740002,54.849998,9961700
08-03-2022,54.939999,55.93,53.25,53.310001,9549000
09-03-2022,53.93,53.93,52.599998,53.060001,10250400
10-03-2022,53.02,55.48,51.279999,52.360001,18926000
11-03-2022,52.900002,52.900002,50,50.060001,9217700
14-03-2022,50.200001,53.25,50.009998,52.09,9205600
15-03-2022,52.509998,54.560001,52.220001,53.939999,8927400
16-03-2022,53.790001,54.900002,53.080002,54.77,7561500
17-03-2022,54.279999,55.860001,54.060001,55.669998,5974000
18-03-2022,55.099998,56.669998,55.099998,56.02,10588500
21-03-2022,55.580002,56.25,54.880001,55.32,5918500
22-03-2022,54.98,56.259998,54.950001,55.75,7120300
23-03-2022,55.419998,56.060001,54.650002,55.599998,5329000
24-03-2022,55.740002,57.389999,55.540001,57.23,6892900
25-03-2022,57.380001,58.049999,56.950001,57.419998,6240900
28-03-2022,57.419998,58.84,56.93,58.779999,7156400
29-03-2022,59.380001,60.389999,59.380001,60.209999,5341100
30-03-2022,59.73,60.34,59.119999,59.360001,5943000
31-03-2022,59.16,59.16,57.240002,57.259998,9380700
01-04-2022,57.869999,58.330002,57.299999,57.709999,4950100
04-04-2022,58.080002,58.369999,56.490002,56.73,6651900
05-04-2022,56.68,57.73,55.98,56.400002,5040600
06-04-2022,55.830002,56.150002,53.48,54.119999,6359400
07-04-2022,53.880001,54.84,53.5,54.380001,4998700
08-04-2022,54.5,55.439999,54.119999,55.029999,3747400
11-04-2022,54.360001,56.23,54.360001,54.889999,4101900
12-04-2022,55.330002,55.779999,54.119999,54.240002,3987300
13-04-2022,54.09,55.470001,53.959999,55.119999,3787000
14-04-2022,55.200001,55.470001,53.98,54.150002,4452200
18-04-2022,53.830002,54.75,53.669998,54.560001,4115300
19-04-2022,54.16,55.220001,54.16,55.169998,4698300
20-04-2022,55.32,55.360001,54.759998,54.860001,4937900
21-04-2022,55.23,55.860001,54.549999,54.77,4408600
22-04-2022,54.599998,54.830002,53.080002,53.169998,4914800
25-04-2022,52.93,53.880001,52.709999,53.630001,5503600
26-04-2022,53.59,53.959999,52.48,53.099998,4951700
27-04-2022,52.990002,53.889999,52,52.060001,4905700
28-04-2022,52.470001,54.049999,52.150002,53.77,6008500
29-04-2022,51.52,53.98,51.52,51.919998,8341100
02-05-2022,51.970001,53.220001,51.459999,53.150002,6139800
03-05-2022,53.279999,54.25,53.02,53.459999,8059000
04-05-2022,53.48,54.490002,52.32,54.419998,9500200
05-05-2022,51.209999,51.82,47.290001,48.040001,19285100
06-05-2022,48,49.639999,47.029999,48.810001,11281200
09-05-2022,48.080002,50.919998,47.669998,49.259998,12832100
10-05-2022,49.970001,50.889999,48.380001,48.59,7614900
11-05-2022,48.310001,48.950001,46.470001,46.580002,7085300
12-05-2022,45.98,47.82,45.189999,46.16,8920400
13-05-2022,46.459999,46.759998,45.720001,46.650002,6455200
16-05-2022,46.490002,46.490002,44.91,45.09,6940600
17-05-2022,45.639999,47.119999,45.400002,46.919998,5704500
18-05-2022,46.099998,46.779999,44.650002,44.939999,5883200
19-05-2022,44.619999,45.330002,44.02,44.619999,7668700
20-05-2022,44.959999,45.32,43.279999,44.310001,7445800
23-05-2022,44.740002,45.349998,44,45.189999,6122500
24-05-2022,44.400002,45.630001,43.619999,44.18,8315100
25-05-2022,43.869999,45.130001,43.869999,44.810001,7522100
26-05-2022,45.68,46.810001,45.490002,46.470001,6299000
27-05-2022,47.220001,48.830002,47.049999,48.82,8695400
31-05-2022,48.439999,49.299999,47.32,48.669998,17674900
01-06-2022,49.080002,49.080002,46.810001,46.970001,7174800
02-06-2022,46.860001,47.779999,46.450001,47.77,5287700
03-06-2022,47.32,47.549999,46.790001,47.09,6122200
06-06-2022,47.990002,48.759998,47.470001,47.669998,5350100
07-06-2022,46.900002,47.669998,46.68,47.509998,5114200
08-06-2022,47.82,48.139999,47.299999,47.68,4401800
09-06-2022,47.200001,47.439999,46.43,46.689999,5139100
10-06-2022,44.349998,45.580002,44.279999,44.279999,8764800
13-06-2022,43.009998,43.970001,42.669998,42.93,9224400
14-06-2022,43.200001,43.59,42.209999,42.580002,5288400
15-06-2022,42.970001,44.049999,42.580002,43.509998,8232200
16-06-2022,42.290001,42.5,40.52,41.080002,9954900
17-06-2022,41.509998,42.57,41.43,42.209999,21193800
21-06-2022,42.700001,43.470001,42.200001,42.290001,7628500
22-06-2022,41.880001,43.66,41.830002,43.130001,7343000
23-06-2022,42.169998,43.110001,42.049999,42.970001,5244700
24-06-2022,43.349998,45.779999,43.220001,45.669998,20444400
27-06-2022,45.869999,45.939999,44.220001,44.380001,4703400
28-06-2022,43.400002,44.48,42.599998,42.650002,5435600
29-06-2022,42.580002,43.029999,42.299999,42.669998,3517100
30-06-2022,42.419998,42.419998,41.02,41.669998,6571700
01-07-2022,41.939999,43.040001,41.759998,42.889999,4950800
05-07-2022,42.259998,43.959999,41.889999,43.93,6413700
06-07-2022,44.400002,44.959999,43.560001,43.720001,6444000
07-07-2022,43.720001,44.07,43.189999,43.82,6216100
08-07-2022,43.400002,43.830002,42.75,43.139999,3716300
11-07-2022,43.02,43.16,42.389999,42.830002,5986800
12-07-2022,43.060001,43.950001,42.869999,43.200001,4751000
13-07-2022,42.200001,43.150002,41.939999,42.490002,4439900
14-07-2022,42.200001,42.360001,41.220001,42.029999,3624800
15-07-2022,42.990002,43.959999,42.849998,43.610001,6407300
18-07-2022,43.98,44.73,43.349998,43.59,4544300
19-07-2022,43.889999,45.490002,43.889999,45.380001,4290500
20-07-2022,45.59,46.470001,45.419998,46.189999,4066000
21-07-2022,46.080002,46.669998,45.849998,46.650002,2964100
22-07-2022,46.59,47.369999,46.360001,46.68,4908200
25-07-2022,46.68,47.040001,46.139999,46.560001,4042600
26-07-2022,45.389999,45.790001,45.25,45.66,3834200
27-07-2022,45.950001,47.52,45.830002,47.18,4123000
28-07-2022,47.369999,48.240002,46.48,48.209999,4914700
29-07-2022,49.130001,49.73,48.380001,48.630001,7241400
01-08-2022,47.849998,49.34,47.650002,48.939999,4805800
02-08-2022,48.689999,48.84,47.75,48.43,5250700
03-08-2022,49,50.82,49,50.48,8749800
04-08-2022,50.099998,50.189999,46.66,47.869999,10604500
05-08-2022,47.330002,47.66,46.689999,47.279999,5487400
08-08-2022,47.630001,49,47.200001,47.610001,4786100
09-08-2022,47.57,48.02,47.02,48,6075100
10-08-2022,48.860001,49.290001,48.470001,48.5,4848400
11-08-2022,48.869999,49.52,48.130001,48.57,4581900
12-08-2022,48.950001,49.48,48.68,49.439999,2885800
15-08-2022,49.169998,49.240002,48.200001,48.68,3710000
16-08-2022,48.689999,50.169998,48.580002,49.5,5314600
17-08-2022,48.889999,49.029999,48.240002,48.57,3832300
18-08-2022,48.389999,48.720001,47.82,48.540001,3534100
19-08-2022,47.849998,48.080002,46.549999,47.07,4377500
22-08-2022,46.700001,46.700001,45.330002,45.389999,4322500
23-08-2022,45.32,46.360001,45.16,45.43,4307200
24-08-2022,45.23,46.259998,45.169998,45.529999,4212100
25-08-2022,45.73,46.619999,45.560001,46.59,3227800
26-08-2022,47.029999,47.209999,44.509998,44.529999,3978200
29-08-2022,44.259998,44.849998,43.900002,44.459999,4539100
30-08-2022,44.869999,45.060001,44.080002,44.450001,4274900
31-08-2022,44.689999,44.810001,43.91,44.130001,7289300
01-09-2022,43.990002,44.799999,43.630001,44.77,4660500
02-09-2022,45.189999,45.459999,43.830002,44.110001,4203000
06-09-2022,44.220001,44.290001,42.93,43.040001,6219900
07-09-2022,43.150002,44.869999,43.09,44.66,4814700
08-09-2022,44.360001,44.52,43.560001,44.25,5945800
09-09-2022,44.380001,45.16,44.27,45.099998,4264800
12-09-2022,45.369999,45.849998,45.110001,45.52,4737500
13-09-2022,44.150002,44.389999,42.610001,42.790001,6326400
14-09-2022,42.889999,42.919998,41.880001,42.57,7176200
15-09-2022,42.490002,43.830002,42.43,42.66,6821600
16-09-2022,41.849998,42.139999,41.139999,42,9313600
19-09-2022,41.77,41.869999,41.080002,41.349998,6713000
20-09-2022,41.040001,41.040001,39.709999,39.900002,7587800
21-09-2022,40.040001,40.310001,38.799999,38.93,6350400
22-09-2022,38.849998,38.93,38.009998,38.299999,5490500
23-09-2022,38.029999,38.220001,37.5,38.189999,5161200
26-09-2022,38.16,39.099998,38.099998,38.130001,5571700
27-09-2022,38.52,38.59,37.27,37.57,5298000
28-09-2022,37.599998,38.82,37.549999,38.610001,4452700
29-09-2022,37.959999,38.060001,37.279999,37.689999,4211800
30-09-2022,37.41,37.959999,36.759998,36.810001,5953300
03-10-2022,36.939999,37.619999,36.18,37.220001,8930300
04-10-2022,38.110001,39.18,38.09,38.669998,8189800
05-10-2022,38.25,39.490002,38.18,39.119999,7290500
06-10-2022,38.950001,39.630001,38.84,38.889999,6471800
07-10-2022,38.509998,38.580002,37.419998,37.549999,6731600
10-10-2022,37.91,38.09,37.290001,37.560001,5192100
11-10-2022,37.209999,37.799999,36.619999,36.950001,6222400
12-10-2022,36.990002,37.240002,36.610001,37.130001,6324300
13-10-2022,36.209999,38.34,35.919998,37.959999,7866600
14-10-2022,38.299999,38.459999,37.009998,37.080002,5716900
17-10-2022,38.009998,38.450001,37.790001,37.849998,5976000
18-10-2022,38.990002,39.32,38.16,38.5,5326500
19-10-2022,38.279999,38.639999,37.279999,37.810001,5097700
20-10-2022,37.700001,38.66,37.48,37.619999,5105200
21-10-2022,37.41,38.450001,37.080002,38.41,4449300
24-10-2022,38.41,38.82,37.599998,38.68,5899100
25-10-2022,38.610001,39.119999,38.139999,38.970001,6544200
26-10-2022,38.990002,40.560001,38.919998,39.57,5856200
27-10-2022,39.700001,40.630001,39.619999,39.849998,6130400
28-10-2022,38.799999,40.41,38.48,40.32,7750500
31-10-2022,40.349998,40.610001,39.419998,39.84,6860700
01-11-2022,40.52,40.84,39.299999,39.810001,4960300
02-11-2022,39.919998,40,38.009998,38.060001,8531900
03-11-2022,39.91,40.93,38.41,38.82,14052700
04-11-2022,39.470001,40.779999,39.029999,40.07,7329900
07-11-2022,40.369999,40.66,39.369999,40.580002,5258300
08-11-2022,40.580002,42.240002,40.220001,41.599998,7889100
09-11-2022,41.349998,41.459999,40.490002,40.57,5208100
10-11-2022,42.490002,44.799999,42.259998,44.66,9206000
11-11-2022,45,46.990002,44.740002,46.509998,7298800
14-11-2022,46.34,46.889999,45.849998,45.91,6188100
15-11-2022,47.07,47.130001,46.029999,47.02,5466800
16-11-2022,46.279999,46.459999,45.310001,45.490002,5263300
17-11-2022,44.66,45.650002,44.57,45.470001,3617200
18-11-2022,46.119999,46.150002,45.25,45.68,3792000
21-11-2022,45.360001,45.599998,44.540001,44.73,4096100
22-11-2022,44.880001,45.16,44.41,45.130001,3817000
23-11-2022,45.349998,45.779999,45.110001,45.23,4981600
25-11-2022,44.669998,45.209999,44.560001,45.040001,2329800
28-11-2022,45,45.389999,44.25,44.330002,5878400
29-11-2022,44.599998,44.66,43.619999,43.77,4421400
30-11-2022,43.84,45.630001,43.529999,45.439999,8882300
01-12-2022,45.360001,46.09,45.049999,45.16,4785600
02-12-2022,44.810001,45.450001,44.380001,45.200001,4338000
05-12-2022,44.849998,44.919998,43.82,43.939999,4641100
06-12-2022,43.73,43.82,42.740002,43.349998,8691500
07-12-2022,43.099998,43.919998,42.959999,43.16,5533200
08-12-2022,43.5,44.16,43.259998,43.880001,3855000
09-12-2022,43.529999,44.049999,43.310001,43.639999,4083600
12-12-2022,43.700001,43.73,43.09,43.720001,4238100
13-12-2022,45.360001,45.860001,43.32,43.720001,5656600
14-12-2022,43.610001,44.290001,42.900002,43.75,5659400
15-12-2022,43.060001,43.150002,42.009998,42.290001,5167300
16-12-2022,42.040001,42.150002,40.619999,41,14561000
19-12-2022,41.080002,41.41,40.639999,41.34,7817400
20-12-2022,41.439999,41.470001,40.650002,40.970001,4273300
21-12-2022,41.27,41.5,41.009998,41.279999,4050000
22-12-2022,40.630001,40.720001,39.48,40.119999,3930500
23-12-2022,39.860001,40.330002,39.529999,40.169998,2421200
27-12-2022,40.110001,40.369999,39.700001,40.080002,3953700
28-12-2022,40.060001,40.400002,39.759998,39.919998,3551000
29-12-2022,40.27,41.919998,40.07,41.82,6385400
30-12-2022,41.240002,41.490002,40.98,41.470001,4430300
03-01-2023,42.080002,42.66,41.540001,42.150002,4494900
04-01-2023,42.790001,43.34,42.279999,43.09,3743500
05-01-2023,43.009998,43.360001,42.529999,43.099998,3748100
06-01-2023,43.619999,45.450001,43.060001,45.110001,5293700
09-01-2023,44.759998,45.439999,43.439999,43.52,7096400
10-01-2023,43.32,45.130001,43.32,45.09,4432600
11-01-2023,45.689999,46.689999,45.52,46.610001,5456800
12-01-2023,46.73,46.799999,45.82,46.43,3812200
13-01-2023,45.720001,46.299999,45.439999,46.259998,3128400
17-01-2023,46.23,47.110001,46.049999,46.77,5214200
18-01-2023,47,47.400002,45.959999,45.98,3429500
19-01-2023,45.650002,45.93,44.939999,45.540001,5616300
20-01-2023,45.759998,46.73,45.540001,46.66,3435000
23-01-2023,46.939999,47.84,46.57,47.66,3254700
24-01-2023,47.279999,47.419998,46.509998,46.689999,4864400
25-01-2023,46.470001,49.07,46.32,48.93,5955700
26-01-2023,49.459999,49.470001,48.16,49.16,4153100
27-01-2023,48.970001,49.700001,48.880001,49,3901300
30-01-2023,48.32,49.889999,48.310001,48.889999,4066900
31-01-2023,48.91,49.549999,48.799999,49.5,4325300
01-02-2023,49.259998,50.75,48.689999,50.400002,4565200
02-02-2023,50.75,52.23,50.689999,51.66,6390000
03-02-2023,50.310001,51.310001,50.110001,50.66,3808200
06-02-2023,50.029999,50.400002,49.650002,49.98,3141600
07-02-2023,49.77,50.369999,49.07,50.169998,3538100
08-02-2023,49.599998,50,48.830002,49.16,3429700
09-02-2023,49.75,49.849998,48.150002,48.389999,3072400
10-02-2023,48.080002,48.330002,47.650002,48.080002,3745100
13-02-2023,48.200001,49.02,47.919998,48.93,4744300
14-02-2023,48.73,49.189999,48.209999,48.799999,3919700
15-02-2023,48.41,49.66,48.209999,49.650002,3708100
16-02-2023,48.619999,49.189999,48.290001,48.66,3760400
17-02-2023,48.560001,48.700001,47.75,48.240002,5511900
21-02-2023,47.889999,48.810001,47.82,47.889999,5947900
22-02-2023,48.119999,48.330002,47.400002,47.849998,7391900
23-02-2023,45.41,45.889999,43.709999,45.349998,12458900
24-02-2023,44.709999,45.25,44.310001,45.07,5795000
27-02-2023,45.32,45.849998,45.080002,45.799999,5187700
28-02-2023,45.709999,46.310001,45.580002,45.900002,5338800
01-03-2023,45.68,46.27,45.380001,45.75,4236400
02-03-2023,45.5,45.740002,45.310001,45.580002,4142300
03-03-2023,45.93,46.240002,45.810001,46.040001,3744200
06-03-2023,45.950001,46.099998,44.639999,44.75,5972800
07-03-2023,44.860001,45.09,43.830002,43.98,5326600
08-03-2023,43.849998,44.34,43.16,44.259998,6096600
09-03-2023,44.02,44.279999,42.919998,42.950001,4091600
10-03-2023,42.75,42.869999,41.669998,42.040001,4526700
13-03-2023,41.619999,41.880001,41.02,41.09,5946300
14-03-2023,41.779999,41.950001,40.619999,41.16,6368400
15-03-2023,40.490002,40.939999,40.130001,40.810001,5740600
16-03-2023,40.279999,41.619999,40.23,41.450001,6022400
17-03-2023,41.150002,42.310001,40.939999,42.060001,11506800
20-03-2023,42.099998,43.470001,42,43.040001,6199700
21-03-2023,43.139999,43.98,43.099998,43.75,6122800
22-03-2023,43.59,44.09,42.830002,42.860001,5087900
23-03-2023,43.09,43.200001,42.02,42.450001,4808700
24-03-2023,42.209999,42.860001,41.66,42.66,4541800
27-03-2023,42.77,43.02,42.549999,42.599998,4040300
28-03-2023,42.720001,43,42.560001,42.869999,2827200
29-03-2023,43.200001,43.669998,43.200001,43.630001,3588000
30-03-2023,44.16,44.330002,43.630001,43.91,3459600
31-03-2023,44.080002,44.419998,43.740002,44.369999,4053600
03-04-2023,44.150002,44.349998,43.84,44.279999,3539700
04-04-2023,44.630001,44.630001,43.830002,44.330002,3509200
05-04-2023,44.25,44.259998,43.700001,43.849998,3836500
06-04-2023,43.639999,43.830002,43.240002,43.57,3629600
10-04-2023,43.09,43.669998,43.09,43.400002,3279500
11-04-2023,43.290001,43.720001,43.02,43.5,3668600
12-04-2023,43.959999,44.110001,42.490002,42.779999,4312300
13-04-2023,42.970001,43.619999,42.860001,43.610001,3875600
14-04-2023,43.540001,44.16,43.139999,43.529999,3603700
17-04-2023,44,44,43.450001,43.779999,3693300
18-04-2023,44.139999,44.400002,43.860001,44.040001,3709800
19-04-2023,43.849998,44.150002,43.529999,43.709999,4043300
20-04-2023,43.349998,43.709999,43.220001,43.380001,3624400
21-04-2023,43.369999,43.369999,42.759998,43.110001,3139200
24-04-2023,43.279999,44.139999,43.18,43.860001,4216500
25-04-2023,43.580002,44.18,43.549999,44.009998,5938300
26-04-2023,43.5,44.43,43.220001,43.360001,8552700
27-04-2023,45.139999,45.860001,44.040001,45.560001,11144600
28-04-2023,45.52,46.669998,45.389999,46.43,6704400
01-05-2023,46.02,46.349998,45.41,45.66,4220800
02-05-2023,45.610001,45.66,44.52,45.119999,4035100
03-05-2023,45.290001,45.77,44.610001,44.77,4686200
04-05-2023,44.970001,44.98,44.279999,44.380001,3301500
05-05-2023,44.720001,45.709999,44.630001,45.630001,5206400
08-05-2023,45.790001,46.34,45.470001,46.209999,3781700
09-05-2023,45.91,46.380001,45.52,45.810001,3785000
10-05-2023,46.209999,46.349998,45.240002,45.82,4297800
11-05-2023,45.830002,45.900002,45.470001,45.779999,3847500
12-05-2023,45.700001,45.830002,44.639999,44.91,3690400
15-05-2023,44.91,45.48,44.560001,45.130001,4196500
16-05-2023,44.619999,44.619999,43.02,43.029999,5570900
17-05-2023,43.060001,43.959999,42.959999,43.880001,4442500
18-05-2023,43.810001,44.18,43.439999,44.119999,3240800
19-05-2023,44.09,44.189999,43.150002,43.48,4278000
22-05-2023,43.919998,44.23,43.75,44.119999,4693200
23-05-2023,44,44.18,43.150002,43.779999,4139000
24-05-2023,43.959999,44.009998,43.040001,43.299999,3486900
25-05-2023,43.09,43.68,42.93,43.619999,6799900
26-05-2023,43.560001,44.549999,43.52,44.360001,5128400
30-05-2023,44.25,44.48,43.34,43.619999,4906600
31-05-2023,43.259998,43.259998,42.009998,42.540001,7695800
01-06-2023,42.799999,43.59,42.529999,43.259998,5235300
02-06-2023,43.330002,44.48,43.27,44.389999,4641600
05-06-2023,44.77,45.34,44.290001,45.290001,5661800
06-06-2023,45.220001,45.369999,44.84,45.18,4537600
07-06-2023,45.240002,45.77,44.849998,45.060001,5663700
08-06-2023,45.549999,46.060001,45.349998,45.610001,5308400
09-06-2023,45.639999,46.540001,45.639999,45.810001,5049500
12-06-2023,45.849998,45.919998,45.02,45.119999,6150600
13-06-2023,45.299999,45.619999,45.009998,45.52,4215700
14-06-2023,45.59,45.709999,44.639999,45.07,4655100
15-06-2023,44.939999,45.700001,44.380001,45.619999,5059700
16-06-2023,45.610001,45.75,44.919998,45.060001,8591400
20-06-2023,44.93,45.48,44.619999,44.84,4175500
21-06-2023,44.82,44.82,44.080002,44.099998,3745700
22-06-2023,44.150002,44.150002,43.610001,43.869999,3621500
23-06-2023,43.48,43.799999,43.110001,43.369999,6229100
26-06-2023,43.459999,43.759998,43.259998,43.459999,3551500
27-06-2023,43.580002,44.549999,43.48,44.470001,4758900
28-06-2023,44.43,44.849998,44.240002,44.84,4186200
29-06-2023,44.91,44.91,44.330002,44.599998,3278400
30-06-2023,45,45.130001,44.290001,44.689999,5212100
03-07-2023,44.66,45.830002,44.599998,45.23,2771300
05-07-2023,45.23,45.27,44.630001,45.029999,3394000
06-07-2023,44.27,44.450001,43.549999,43.849998,4572500
07-07-2023,43.689999,44.57,43.68,44.259998,4252800
10-07-2023,44.130001,45.759998,44.119999,45.669998,4703700
11-07-2023,46,47.349998,45.959999,46.900002,4998800
12-07-2023,47.5,47.529999,46.330002,46.41,4969600
13-07-2023,46.720001,46.810001,46.080002,46.130001,4172600
14-07-2023,46.049999,46.720001,45.82,46.5,4131800
17-07-2023,46.060001,47.369999,45.959999,47.189999,5192400
18-07-2023,46.919998,48.09,46.919998,48.029999,5550100
19-07-2023,48.220001,49.099998,47.959999,49.029999,6063200
20-07-2023,48.779999,48.959999,48.02,48.84,9336800
21-07-2023,49.209999,49.349998,48.310001,48.34,10663500
24-07-2023,48.400002,48.970001,48.139999,48.939999,4705500
25-07-2023,49.07,49.48,48.080002,48.310001,6411300
26-07-2023,48.110001,48.869999,48.110001,48.799999,6636800
27-07-2023,45.560001,46.07,43.299999,43.66,15740800
28-07-2023,43.98,45.84,43.970001,45.009998,9570100
31-07-2023,45.139999,45.639999,44.349998,44.509998,8017600
01-08-2023,44.150002,44.360001,43.549999,43.560001,4807600
02-08-2023,43.16,43.900002,42.810001,43.759998,5540000
03-08-2023,43.580002,43.869999,43.32,43.610001,3928800
04-08-2023,43.66,43.939999,42.950001,43.049999,3951400
07-08-2023,43.330002,43.919998,42.860001,43.849998,4230800
08-08-2023,43.279999,43.580002,42.52,43.52,3910600
09-08-2023,43.709999,44,43.34,43.669998,3942700
10-08-2023,44.16,44.259998,43.049999,43.290001,3126100
11-08-2023,43.360001,44.59,43.34,44.5,6826900
14-08-2023,44.209999,44.349998,43.689999,44.029999,4229900
15-08-2023,43.619999,43.68,42.939999,43.580002,4240500
16-08-2023,43.470001,43.5,42.790001,42.93,4181800
17-08-2023,43.310001,43.389999,42.75,42.950001,3892000
18-08-2023,42.580002,43.279999,42.23,42.990002,3801000
21-08-2023,42.990002,43.259998,42.759998,43.040001,3385900
22-08-2023,43.09,43.560001,43.040001,43.27,3875300
23-08-2023,43.279999,44.200001,43.25,43.900002,5024600
24-08-2023,43.869999,44.240002,43.110001,43.139999,4477100
25-08-2023,43.73,44.349998,43.380001,43.59,7250700
28-08-2023,43.889999,44.049999,43.549999,43.869999,4203100
29-08-2023,44.009998,44.700001,43.919998,44.32,4135100
30-08-2023,44.32,44.869999,44.259998,44.75,3595300
31-08-2023,44.599998,45.34,44.549999,44.779999,7844400
01-09-2023,45.209999,45.540001,44.869999,45.099998,4176400
05-09-2023,44.880001,44.880001,44.040001,44.290001,5668100
06-09-2023,44.169998,44.32,43.43,44.119999,4617300
07-09-2023,43.639999,43.709999,42.810001,43.119999,5296000
08-09-2023,42.919998,43.48,42.84,43.43,4208600
11-09-2023,43.700001,43.939999,43.43,43.509998,3848800
12-09-2023,43.400002,43.98,43.32,43.509998,4788300
13-09-2023,43.689999,43.970001,43.43,43.709999,3583700
14-09-2023,43.970001,44.459999,43.720001,44.360001,4078400
15-09-2023,44.459999,44.799999,44.27,44.560001,7598200
18-09-2023,44.34,44.459999,43.810001,43.91,4580500
19-09-2023,43.630001,44.09,43.419998,43.619999,4308500
20-09-2023,43.740002,44.540001,43.669998,43.689999,4127600
21-09-2023,43.380001,45.209999,42.849998,43.919998,13887000
22-09-2023,44.23,44.84,43,43.130001,8277900
25-09-2023,42.849998,43.93,42.57,43.82,3948800
26-09-2023,43.549999,44.240002,43.389999,43.490002,5353400
27-09-2023,43.560001,43.759998,42.41,42.889999,5225600
28-09-2023,42.73,43.889999,42.720001,43.650002,4114900
29-09-2023,44.09,44.599998,43.91,44.09,4792900
02-10-2023,43.91,44.040001,43.310001,43.549999,3622900
03-10-2023,43.23,43.75,42.349998,42.509998,3673200
04-10-2023,42.560001,43.07,42.540001,42.939999,3875300
05-10-2023,43.09,43.130001,42.119999,42.610001,4116500
06-10-2023,42.220001,43.330002,42.220001,43.009998,4459000
09-10-2023,42.639999,43.639999,42.639999,43.349998,4220200
10-10-2023,43.48,43.82,43.27,43.52,5265000
11-10-2023,43.509998,43.66,42.779999,43.049999,7473700
12-10-2023,43.130001,43.130001,42,42.630001,5200500
13-10-2023,42.540001,42.610001,41.27,41.790001,7025700
16-10-2023,42.139999,42.619999,41.880001,42.470001,4359900
17-10-2023,42.029999,42.84,41.93,42.560001,3584600
18-10-2023,42.439999,42.540001,41.709999,41.889999,4796500
19-10-2023,41.759998,42.07,40.959999,41.139999,4586100
20-10-2023,41.16,41.16,40.689999,40.759998,4468900
23-10-2023,40.450001,40.759998,40.130001,40.169998,4857600
24-10-2023,40.509998,41.119999,40.5,40.990002,4305400
25-10-2023,40.720001,40.759998,39.209999,39.299999,5471700
26-10-2023,39.209999,39.52,38.23,38.360001,5881300
27-10-2023,38.349998,38.66,37.93,37.990002,5112000
30-10-2023,38.400002,38.759998,38.009998,38.639999,4715600
31-10-2023,38.689999,39.32,38.490002,39.23,6287900
01-11-2023,39.139999,39.209999,38.220001,38.709999,6530000
02-11-2023,39.150002,39.23,38.240002,38.990002,6534500
03-11-2023,39.619999,40.720001,39.509998,40.540001,6421100
06-11-2023,40.639999,40.98,40.029999,40.360001,6439200
07-11-2023,40.509998,40.830002,40.150002,40.77,9193500
08-11-2023,37.279999,40,37.169998,39.950001,18084300
09-11-2023,40.290001,40.889999,39.799999,39.93,9425200
10-11-2023,39.939999,40,39.349998,39.849998,6277600
13-11-2023,39.630001,39.84,38.599998,38.73,7650000
14-11-2023,39.599998,40.509998,39.529999,40.34,6885900
15-11-2023,40.48,41.419998,40.450001,40.619999,6825600
16-11-2023,40.52,40.720001,39.700001,40.18,7486200
17-11-2023,40.5,40.619999,39.82,40.139999,5165300
20-11-2023,40.009998,40.139999,39.200001,39.450001,8480500
21-11-2023,39.259998,40.439999,38.98,40.389999,11049900
22-11-2023,40.529999,41.860001,40.5,41.639999,8619000
24-11-2023,41.669998,41.790001,41.279999,41.48,2606500
27-11-2023,41.34,41.580002,40.75,41.349998,4966800
28-11-2023,40.970001,41.560001,40.93,41.130001,6503500
29-11-2023,41.369999,41.43,40.580002,40.639999,7352700
30-11-2023,40.66,41.029999,40.18,41.009998,11506800
01-12-2023,40.990002,41.889999,40.599998,41.73,6021300
04-12-2023,41.57,42.080002,41.389999,41.619999,5197500
05-12-2023,41.299999,41.759998,40.990002,41.48,4517900
06-12-2023,41.720001,42.209999,41.439999,41.470001,4736800
07-12-2023,41.68,41.740002,41.34,41.48,3940300
08-12-2023,41.360001,41.720001,41.16,41.290001,7243400
11-12-2023,40.740002,42.119999,40.630001,41.759998,7045400
12-12-2023,41.77,41.790001,40.91,41.110001,5839900
13-12-2023,41.02,41.98,40.740002,41.959999,6610400
14-12-2023,42.299999,42.73,41.990002,42.650002,9011200
15-12-2023,42.73,42.93,41.66,41.75,43483200
18-12-2023,41.529999,42.810001,41.52,42.52,6687300
19-12-2023,42.66,44.27,42.57,43.669998,7351000
20-12-2023,43.400002,43.82,42.830002,42.98,5761900
21-12-2023,43.330002,43.759998,43.07,43.73,3238300
22-12-2023,43.560001,44.07,43.450001,43.82,3330300
26-12-2023,43.82,43.84,43.259998,43.48,3361100
27-12-2023,43.52,43.66,43.099998,43.380001,2623100
28-12-2023,43.369999,43.599998,43.119999,43.470001,2767600
29-12-2023,43.419998,43.82,43.360001,43.619999,4681700
02-01-2024,43.259998,44.200001,43.200001,43.869999,5369300
03-01-2024,43.630001,44.09,42.959999,43.549999,6358100
04-01-2024,43.529999,43.59,42.41,42.529999,4778500
05-01-2024,42.529999,43.080002,42.389999,42.790001,3140300
08-01-2024,42.98,42.98,42.41,42.84,4109400
09-01-2024,42.290001,42.68,41.959999,42.139999,4937400
10-01-2024,42.110001,42.709999,41.939999,42.560001,3755100
11-01-2024,42.509998,42.540001,41.490002,41.869999,4618500
12-01-2024,41.959999,42.07,41.060001,41.209999,5689000
16-01-2024,40.82,40.950001,40.16,40.700001,6455400
17-01-2024,40.57,40.880001,40.279999,40.669998,6416400
18-01-2024,40.630001,40.880001,40.34,40.790001,5751400
19-01-2024,41.029999,41.360001,40.5,41.130001,4359500
22-01-2024,41.310001,41.689999,40.880001,41.060001,5559400
23-01-2024,41.450001,41.880001,41.18,41.41,5059600
24-01-2024,42.619999,42.889999,41.310001,41.610001,8647100
25-01-2024,41.900002,42.189999,41.259998,42.16,6080200
26-01-2024,42.130001,42.709999,42.130001,42.689999,5936600
29-01-2024,42.689999,42.790001,42.029999,42.619999,4687400
30-01-2024,42.380001,42.41,41.919998,41.950001,5073300
31-01-2024,41.970001,42.02,40.970001,41.07,5923700
01-02-2024,41.400002,41.810001,40.77,41.700001,5670700
02-02-2024,41.560001,41.98,41.009998,41.939999,6097500
05-02-2024,41.57,41.57,40.939999,41.330002,5907200
06-02-2024,41.349998,42.740002,41.310001,42.66,5946900
07-02-2024,42.73,42.889999,42.27,42.34,4005500
08-02-2024,42.25,42.290001,41.639999,42.02,3314300
09-02-2024,42.060001,42.689999,41.790001,42.43,5099000
12-02-2024,42.48,43.549999,42.240002,43.490002,5551000
13-02-2024,42.490002,42.5,40.740002,41.130001,7188500
14-02-2024,41.279999,42.240002,40.830002,42.18,5058300
15-02-2024,42.490002,42.889999,42.43,42.619999,4873300
16-02-2024,42.209999,43.529999,42.139999,43.450001,7091000
20-02-2024,43,43.75,42.970001,43.59,6398000
21-02-2024,43.34,44.400002,43.09,43.799999,6965100
22-02-2024,43.369999,44.650002,43.240002,44.279999,7552400
23-02-2024,43.970001,44.43,43.119999,44.009998,7144900
26-02-2024,44.049999,44.16,43.669998,43.880001,6007300
27-02-2024,44.279999,44.790001,44.049999,44.389999,12708100
28-02-2024,47.650002,48.349998,46.529999,47.889999,23207900
29-02-2024,47.950001,47.98,46.98,47.279999,16165200
01-03-2024,47.200001,48.299999,47.060001,48.049999,8666400
04-03-2024,48.18,49.310001,48.040001,48.91,8449900
05-03-2024,48.91,50.450001,48.869999,50.09,12659500
06-03-2024,50.32,51.139999,50.32,50.540001,9615500
07-03-2024,50.82,51.049999,50.34,50.779999,8912200
08-03-2024,50.68,50.900002,50.18,50.369999,8504700
11-03-2024,50.389999,51.950001,50.380001,51.549999,10113600
12-03-2024,51.73,51.93,50.68,50.91,7857000
13-03-2024,51.119999,52.5,51.09,52.41,10333300
14-03-2024,52.490002,52.82,51.970001,52.25,7731500
15-03-2024,51.970001,52.700001,51.889999,52.200001,11456700
18-03-2024,52.189999,52.400002,51.32,51.349998,6435100
19-03-2024,51.860001,52.459999,51.25,51.82,6863700
20-03-2024,51.84,52.27,51.599998,51.970001,6136300
21-03-2024,51.84,52.360001,51.68,52,6756900
22-03-2024,52.049999,52.07,51.400002,51.419998,5071900
25-03-2024,51.330002,51.73,51.189999,51.23,5621400
26-03-2024,51.459999,51.669998,50.880001,51.080002,5995800
27-03-2024,51.450001,52.040001,51.41,51.919998,4940600
28-03-2024,52.099998,52.93,52,52.779999,6816400
01-04-2024,52.650002,52.919998,51.84,52.27,4646400
02-04-2024,52.080002,52.389999,51.810001,51.860001,4449500
03-04-2024,51.75,52.27,51.52,51.849998,4459000
04-04-2024,52.41,52.82,51.330002,51.400002,4702900
05-04-2024,51.419998,52.130001,51.419998,52.060001,5326600
08-04-2024,52.029999,52.470001,51.48,51.580002,3975400
09-04-2024,51.799999,52.009998,51.509998,51.959999,3566500
10-04-2024,51.959999,52.540001,51.900002,52.459999,4901300
11-04-2024,52.599998,52.650002,51.810001,51.889999,3650900
12-04-2024,51.709999,52,51.049999,51.310001,4246600
15-04-2024,51.619999,51.900002,50.740002,50.889999,3878400
16-04-2024,50.630001,50.75,49.869999,50.25,5161500
17-04-2024,50.59,50.689999,49.41,49.450001,4319900
18-04-2024,51.330002,51.41,49.93,49.950001,7590000
19-04-2024,50.23,51.02,50,50.389999,4296200
22-04-2024,50.630001,51.150002,50.389999,50.939999,4140800
23-04-2024,51.009998,51.5,50.700001,51.25,4522800
24-04-2024,51.169998,51.599998,50.779999,51.18,5088600
25-04-2024,50.66,51.490002,50.560001,51.34,4461100
26-04-2024,51.299999,52.189999,51.200001,52.02,4985600
29-04-2024,52.16,52.880001,52.130001,52.75,5977400
30-04-2024,52.630001,52.880001,51.439999,51.540001,6712700
01-05-2024,51.689999,52.490002,51.040001,51.060001,8328800
02-05-2024,49.32,50.860001,48.52,49.389999,10828800
03-05-2024,49.599998,50.259998,49.369999,49.650002,6896500
06-05-2024,49.810001,50.16,49.25,49.380001,5811200
07-05-2024,49.59,50.27,49.59,50.07,4695600
08-05-2024,49.759998,49.939999,49.599998,49.689999,3847100
09-05-2024,49.77,50.400002,49.700001,50.34,3980500
10-05-2024,50.5,51.09,50.43,51,3873000
13-05-2024,51.139999,52.16,51.040001,51.990002,5039600
14-05-2024,52.310001,52.490002,51.599998,52.099998,3472600
15-05-2024,52.369999,52.650002,51.779999,52.419998,3914800
16-05-2024,52.419998,53.040001,52.060001,52.700001,5236500
17-05-2024,52.639999,52.779999,51.119999,51.48,4607200
20-05-2024,51.450001,51.619999,51.02,51.240002,3056700
21-05-2024,51.130001,52.369999,51.130001,52.169998,3739400
22-05-2024,52.189999,52.849998,51.869999,52.799999,4733900
23-05-2024,52.799999,52.889999,52.310001,52.810001,4828800
24-05-2024,53,54.59,53,54.41,7773400
28-05-2024,54.139999,55.150002,52.84,52.900002,7242700
29-05-2024,52.259998,52.380001,51.380001,52.09,6445500
30-05-2024,51.939999,53.639999,51.860001,53.349998,5852900
31-05-2024,53.09,54.25,53.02,54.220001,7405700
03-06-2024,54.049999,54.240002,53.189999,53.610001,6043100
04-06-2024,53.400002,54.029999,52.939999,53.75,5010600
05-06-2024,53.73,54.25,52.790001,53.009998,4852000
06-06-2024,53.810001,53.84,53.310001,53.389999,4921600
07-06-2024,53.349998,53.75,53.029999,53.080002,4337200
10-06-2024,52.650002,53.189999,52.419998,53.150002,3595100
11-06-2024,52.77,53.029999,52.139999,53,4198200
12-06-2024,53.41,53.700001,52.810001,53.189999,4573400
13-06-2024,53.400002,54.34,53.360001,53.689999,4641800
14-06-2024,53.080002,53.450001,51.950001,52.130001,5737300
17-06-2024,52.009998,53.220001,51.720001,53.139999,4399900
18-06-2024,52.849998,54.59,52.849998,54.549999,5615000
20-06-2024,54.66,54.950001,53.470001,53.84,4643100
21-06-2024,53.880001,54.470001,53.669998,54.150002,10478400
24-06-2024,54.32,54.959999,53.990002,54.009998,5694800
25-06-2024,53.900002,55.349998,53.810001,53.950001,4369900
26-06-2024,53.540001,54.27,53.32,53.689999,3473300
27-06-2024,53.66,53.669998,52.860001,53.049999,4167200
28-06-2024,52.959999,53.950001,52.669998,53.720001,7190800
01-07-2024,53.849998,53.91,52.279999,52.68,4501000
02-07-2024,52.57,53.400002,52.029999,53.25,4175100
03-07-2024,53.43,53.599998,52.23,52.610001,2803000
05-07-2024,52.529999,52.950001,52.139999,52.869999,2686200
08-07-2024,52.810001,52.919998,52.389999,52.790001,3875800
09-07-2024,52.720001,53.060001,52.150002,52.650002,3419500
10-07-2024,52.59,53.07,52.189999,52.98,2684100
11-07-2024,53.279999,54.18,53.279999,54.02,3260100
12-07-2024,54.360001,54.639999,53.84,54.189999,3897300
